MP_ID,MP_Name,State,Constituency,Total_Projects,Unique_Vendors,Total_Project_Funds,Top_Vendor_ID,Top_Vendor_Name,Top_Vendor_Project_Count,Top_Vendor_Funds,Top_Vendor_Project_Share,Top_Vendor_Fund_Share,Vendor_HHI_Raw,Vendor_HHI_Normalized,Vendor_CR1,Vendor_CR3,Top_Syndicate_ID,Top_Syndicate_Vendor_Count,Top_Syndicate_Funds,Top_Syndicate_Share,Syndicate_HHI_Raw,Syndicate_CR1,Syndicate_CR3,Vendor_HHI_Raw_Percentile,Vendor_CR1_Percentile,Vendor_CR3_Percentile,Syndicate_HHI_Raw_Percentile,Syndicate_CR1_Percentile,Syndicate_CR3_Percentile,High_Vendor_HHI_Flag,High_Vendor_CR1_Flag,High_Vendor_CR3_Flag,High_Syndicate_HHI_Flag,High_Syndicate_CR1_Flag,High_Syndicate_CR3_Flag,Allocation_Risk_Score,Evidence_Reasons
MP0070,MP Representative 0070,Telangana,NIZAMABAD-4,929,916,4810590000,V038692,Contractor Company 038692,2,18390000,0.0022,0.0038,0.001421,0.00033,0.0038,0.0109,SYNDICATE_027,1,9160000,0.0019,0.001423,0.0038,0.0109,100.0,98.0,100.0,100.0,95.0,98.5,True,True,True,True,True,True,98.35,"['Top vendor V038692 captured 0.38% of funds (Percentile: 98.0%).', 'Vendor-level allocation HHI (0.001421) is elevated above 90th percentile baseline.', 'Shell syndicate SYNDICATE_027 received INR 9,160,000 (0.19%) across 1 member contractors.', 'Syndicate-adjusted CR1 (0.38%) indicates heightened network concentration.', 'Allocation concentration anomaly detected; potential contractor favoritism requiring auditor review.']"
MP0065,MP Representative 0065,Tamil Nadu,CHENNAI-1,951,937,4947390000,V031877,Contractor Company 031877,2,17960000,0.0021,0.0036,0.001369,0.000302,0.0036,0.0098,SYNDICATE_041,2,20550000,0.0042,0.001381,0.0042,0.0109,97.0,90.0,92.0,98.0,97.5,98.5,True,True,True,True,True,True,94.85,"['Top vendor V031877 captured 0.36% of funds (Percentile: 90.0%).', 'Vendor-level allocation HHI (0.001369) is elevated above 90th percentile baseline.', 'Shell syndicate SYNDICATE_041 received INR 20,550,000 (0.42%) across 2 member contractors.', 'Syndicate-adjusted CR1 (0.42%) indicates heightened network concentration.', 'Allocation concentration anomaly detected; potential contractor favoritism requiring auditor review.']"
MP0046,MP Representative 0046,Telangana,WARANGAL-3,952,939,4817770000,V016540,Contractor Company 016540,3,20180000,0.0032,0.0042,0.001396,0.000332,0.0042,0.0094,SYNDICATE_091,2,11610000,0.0024,0.001399,0.0042,0.0094,99.0,100.0,80.5,99.0,97.5,74.5,True,True,False,True,True,False,93.72,"['Top vendor V016540 captured 0.42% of funds (Percentile: 100.0%).', 'Vendor-level allocation HHI (0.001396) is elevated above 90th percentile baseline.', 'Shell syndicate SYNDICATE_091 received INR 11,610,000 (0.24%) across 2 member contractors.', 'Syndicate-adjusted CR1 (0.42%) indicates heightened network concentration.', 'Allocation concentration anomaly detected; potential contractor favoritism requiring auditor review.']"
MP0012,MP Representative 0012,Maharashtra,SATARA-5,991,982,5022360000,V032246,Contractor Company 032246,2,17900000,0.002,0.0036,0.00132,0.000302,0.0036,0.0098,SYNDICATE_040,3,25550000,0.0051,0.001342,0.0051,0.0122,72.5,90.0,92.0,86.0,99.0,100.0,False,True,True,False,True,True,89.2,"['Top vendor V032246 captured 0.36% of funds (Percentile: 90.0%).', 'Shell syndicate SYNDICATE_040 received INR 25,550,000 (0.51%) across 3 member contractors.', 'Syndicate-adjusted CR1 (0.51%) indicates heightened network concentration.', 'Allocation concentration anomaly detected; potential contractor favoritism requiring auditor review.']"
MP0078,MP Representative 0078,Karnataka,BENGALURU-2,983,972,5104270000,V040266,Contractor Company 040266,3,19130000,0.0031,0.0037,0.001328,0.0003,0.0037,0.0102,SYNDICATE_056,1,9660000,0.0019,0.001329,0.0037,0.0102,77.5,96.0,95.5,76.0,92.5,92.0,False,True,True,False,True,True,89.12,"['Top vendor V040266 captured 0.37% of funds (Percentile: 96.0%).', 'Shell syndicate SYNDICATE_056 received INR 9,660,000 (0.19%) across 1 member contractors.', 'Syndicate-adjusted CR1 (0.37%) indicates heightened network concentration.', 'Allocation concentration anomaly detected; potential contractor favoritism requiring auditor review.']"
MP0085,MP Representative 0085,West Bengal,KOLKATA-1,1003,989,5290350000,V038657,Contractor Company 038657,2,19380000,0.002,0.0037,0.001311,0.0003,0.0037,0.0103,SYNDICATE_081,3,11590000,0.0022,0.001313,0.0037,0.0103,63.5,96.0,97.5,62.5,92.5,94.5,False,True,True,False,True,True,85.52,"['Top vendor V038657 captured 0.37% of funds (Percentile: 96.0%).', 'Shell syndicate SYNDICATE_081 received INR 11,590,000 (0.22%) across 3 member contractors.', 'Syndicate-adjusted CR1 (0.37%) indicates heightened network concentration.', 'Allocation concentration anomaly detected; potential contractor favoritism requiring auditor review.']"
MP0047,MP Representative 0047,West Bengal,SILIGURI-2,985,975,5126230000,V024972,Contractor Company 024972,2,18720000,0.002,0.0037,0.001318,0.000293,0.0037,0.0095,SYNDICATE_040,2,14600000,0.0028,0.001329,0.0037,0.0096,70.0,96.0,85.5,76.0,92.5,84.0,False,True,False,False,True,False,85.32,"['Top vendor V024972 captured 0.37% of funds (Percentile: 96.0%).', 'Shell syndicate SYNDICATE_040 received INR 14,600,000 (0.28%) across 2 member contractors.', 'Syndicate-adjusted CR1 (0.37%) indicates heightened network concentration.', 'Allocation concentration anomaly detected; potential contractor favoritism requiring auditor review.']"
MP0083,MP Representative 0083,Gujarat,VADODARA-4,978,968,5078980000,V026918,Contractor Company 026918,2,17670000,0.002,0.0035,0.001335,0.000303,0.0035,0.0095,SYNDICATE_005,1,9240000,0.0018,0.001336,0.0035,0.0095,84.5,82.5,85.5,81.0,79.5,79.5,False,False,False,False,False,False,82.3,"['Shell syndicate SYNDICATE_005 received INR 9,240,000 (0.18%) across 1 member contractors.', 'Allocation concentration anomaly detected; potential contractor favoritism requiring auditor review.']"
MP0029,MP Representative 0029,Rajasthan,JODHPUR-2,1005,990,5263130000,V001073,Contractor Company 001073,2,19130000,0.002,0.0036,0.001311,0.000302,0.0036,0.0102,SYNDICATE_056,2,10060000,0.0019,0.001312,0.0036,0.0102,63.5,90.0,95.5,61.0,86.5,92.0,False,True,True,False,False,True,82.12,"['Top vendor V001073 captured 0.36% of funds (Percentile: 90.0%).', 'Shell syndicate SYNDICATE_056 received INR 10,060,000 (0.19%) across 2 member contractors.', 'Allocation concentration anomaly detected; potential contractor favoritism requiring auditor review.']"
MP0068,MP Representative 0068,Bihar,BHAGALPUR-1,965,955,5049420000,V033913,Contractor Company 033913,2,18080000,0.0021,0.0036,0.001324,0.000277,0.0036,0.0091,SYNDICATE_031,1,7730000,0.0015,0.001324,0.0036,0.0091,75.0,90.0,72.0,72.0,86.5,64.5,False,True,False,False,False,False,79.25,"['Top vendor V033913 captured 0.36% of funds (Percentile: 90.0%).', 'Shell syndicate SYNDICATE_031 received INR 7,730,000 (0.15%) across 1 member contractors.', 'Allocation concentration anomaly detected; potential contractor favoritism requiring auditor review.']"
MP0076,MP Representative 0076,Karnataka,KALABURAGI-2,964,953,5003980000,V036559,Contractor Company 036559,2,16450000,0.0021,0.0033,0.001365,0.000316,0.0033,0.0093,SYNDICATE_051,1,8720000,0.0017,0.001365,0.0033,0.0093,96.0,63.0,77.0,96.0,57.0,70.5,True,False,False,True,False,False,74.55,"['Vendor-level allocation HHI (0.001365) is elevated above 90th percentile baseline.', 'Shell syndicate SYNDICATE_051 received INR 8,720,000 (0.17%) across 1 member contractors.', 'Allocation concentration anomaly detected; potential contractor favoritism requiring auditor review.']"
MP0071,MP Representative 0071,Tamil Nadu,SALEM-2,1003,992,5280970000,V029782,Contractor Company 029782,3,18350000,0.003,0.0035,0.001292,0.000284,0.0035,0.01,SYNDICATE_059,2,15280000,0.0029,0.001299,0.0035,0.01,49.0,82.5,94.0,50.5,79.5,90.0,False,False,True,False,False,True,74.47,"['Shell syndicate SYNDICATE_059 received INR 15,280,000 (0.29%) across 2 member contractors.', 'Allocation concentration anomaly detected; potential contractor favoritism requiring auditor review.']"
MP0049,MP Representative 0049,Rajasthan,AJMER-5,966,956,5133980000,V049961,Contractor Company 049961,2,17460000,0.0021,0.0034,0.001334,0.000288,0.0034,0.009,SYNDICATE_043,2,10950000,0.0021,0.001338,0.0034,0.009,82.0,74.0,68.0,83.0,70.0,59.5,False,False,False,False,False,False,73.35,"['Shell syndicate SYNDICATE_043 received INR 10,950,000 (0.21%) across 2 member contractors.', 'Allocation concentration anomaly detected; potential contractor favoritism requiring auditor review.']"
MP0051,MP Representative 0051,Rajasthan,JAIPUR-5,989,974,5229550000,V048322,Contractor Company 048322,2,17720000,0.002,0.0034,0.001314,0.000287,0.0034,0.0095,SYNDICATE_068,1,9180000,0.0018,0.001314,0.0034,0.0095,67.0,74.0,85.5,65.0,70.0,79.5,False,False,False,False,False,False,73.18,"['Shell syndicate SYNDICATE_068 received INR 9,180,000 (0.18%) across 1 member contractors.', 'Allocation concentration anomaly detected; potential contractor favoritism requiring auditor review.']"
MP0040,MP Representative 0040,Rajasthan,JODHPUR-5,967,958,5060270000,V033674,Contractor Company 033674,2,16870000,0.0021,0.0033,0.001341,0.000298,0.0033,0.0094,SYNDICATE_048,1,9760000,0.0019,0.001344,0.0033,0.0094,87.0,63.0,80.5,88.5,57.0,74.5,False,False,False,False,False,False,72.93,"['Shell syndicate SYNDICATE_048 received INR 9,760,000 (0.19%) across 1 member contractors.', 'Allocation concentration anomaly detected; potential contractor favoritism requiring auditor review.']"
MP0059,MP Representative 0059,Uttar Pradesh,AGRA-4,1024,1012,5529450000,V043406,Contractor Company 043406,2,19810000,0.002,0.0036,0.001268,0.00028,0.0036,0.0103,SYNDICATE_054,1,9720000,0.0018,0.001268,0.0036,0.0103,32.0,90.0,97.5,25.0,86.5,94.5,False,True,True,False,False,True,72.78,"['Top vendor V043406 captured 0.36% of funds (Percentile: 90.0%).', 'Shell syndicate SYNDICATE_054 received INR 9,720,000 (0.18%) across 1 member contractors.', 'Allocation concentration anomaly detected; potential contractor favoritism requiring auditor review.']"
MP0005,MP Representative 0005,Bihar,MUZAFFARPUR-5,1024,1013,5405010000,V002350,Contractor Company 002350,2,19300000,0.002,0.0036,0.001261,0.000274,0.0036,0.0104,SYNDICATE_082,2,13810000,0.0026,0.001266,0.0036,0.0104,23.0,90.0,99.0,24.0,86.5,96.0,False,True,True,False,False,True,71.25,"['Top vendor V002350 captured 0.36% of funds (Percentile: 90.0%).', 'Shell syndicate SYNDICATE_082 received INR 13,810,000 (0.26%) across 2 member contractors.', 'Allocation concentration anomaly detected; potential contractor favoritism requiring auditor review.']"
MP0088,MP Representative 0088,Madhya Pradesh,INDORE-4,1006,993,5245640000,V031349,Contractor Company 031349,2,17870000,0.002,0.0034,0.001296,0.000289,0.0034,0.0097,SYNDICATE_076,1,17690000,0.0034,0.001301,0.0034,0.0097,53.0,74.0,90.0,52.5,70.0,87.5,False,False,True,False,False,False,70.6,"['Shell syndicate SYNDICATE_076 received INR 17,690,000 (0.34%) across 1 member contractors.', 'Allocation concentration anomaly detected; potential contractor favoritism requiring auditor review.']"
MP0001,MP Representative 0001,Karnataka,BELAGAVI-3,965,959,5053190000,V029104,Contractor Company 029104,2,16790000,0.0021,0.0033,0.001335,0.000292,0.0033,0.0092,SYNDICATE_020,2,13890000,0.0027,0.001341,0.0033,0.0092,84.5,63.0,75.0,84.5,57.0,68.0,False,False,False,False,False,False,70.55,"['Shell syndicate SYNDICATE_020 received INR 13,890,000 (0.27%) across 2 member contractors.', 'Allocation concentration anomaly detected; potential contractor favoritism requiring auditor review.']"
MP0091,MP Representative 0091,Madhya Pradesh,BHOPAL-1,967,956,5115410000,V025552,Contractor Company 025552,2,16430000,0.0021,0.0032,0.001348,0.000302,0.0032,0.0096,SYNDICATE_029,2,15490000,0.003,0.001352,0.0032,0.0096,90.0,49.5,88.5,91.0,42.0,84.0,True,False,False,True,False,False,69.55,"['Vendor-level allocation HHI (0.001348) is elevated above 90th percentile baseline.', 'Shell syndicate SYNDICATE_029 received INR 15,490,000 (0.30%) across 2 member contractors.', 'Allocation concentration anomaly detected; potential contractor favoritism requiring auditor review.']"
MP0003,MP Representative 0003,Tamil Nadu,CHENNAI-5,1024,1010,5468670000,V022568,Contractor Company 022568,3,21850000,0.0029,0.004,0.001266,0.000276,0.004,0.009,SYNDICATE_046,2,14330000,0.0026,0.001273,0.004,0.0091,28.5,99.0,68.0,29.5,96.0,64.5,False,True,False,False,True,False,69.25,"['Top vendor V022568 captured 0.40% of funds (Percentile: 99.0%).', 'Shell syndicate SYNDICATE_046 received INR 14,330,000 (0.26%) across 2 member contractors.', 'Syndicate-adjusted CR1 (0.40%) indicates heightened network concentration.', 'Allocation concentration anomaly detected; potential contractor favoritism requiring auditor review.']"
MP0050,MP Representative 0050,Karnataka,HUBBALLI-2,957,951,5032810000,V042514,Contractor Company 042514,2,17720000,0.0021,0.0035,0.001341,0.000289,0.0035,0.008,SYNDICATE_100,1,9810000,0.0019,0.001341,0.0035,0.008,87.0,82.5,27.5,84.5,79.5,19.0,False,False,False,False,False,False,68.4,"['Shell syndicate SYNDICATE_100 received INR 9,810,000 (0.19%) across 1 member contractors.', 'Allocation concentration anomaly detected; potential contractor favoritism requiring auditor review.']"
MP0097,MP Representative 0097,Madhya Pradesh,INDORE-4,996,986,5317020000,V049785,Contractor Company 049785,2,17920000,0.002,0.0034,0.001294,0.00028,0.0034,0.0095,SYNDICATE_056,1,9040000,0.0017,0.001294,0.0034,0.0095,51.0,74.0,85.5,47.0,70.0,79.5,False,False,False,False,False,False,68.18,"['Shell syndicate SYNDICATE_056 received INR 9,040,000 (0.17%) across 1 member contractors.', 'Allocation concentration anomaly detected; potential contractor favoritism requiring auditor review.']"
MP0032,MP Representative 0032,Karnataka,MYSURU-4,1027,1015,5203350000,V016890,Contractor Company 016890,2,17720000,0.0019,0.0034,0.001267,0.000283,0.0034,0.0094,SYNDICATE_053,3,19390000,0.0037,0.001283,0.0037,0.0102,30.5,74.0,80.5,38.0,92.5,92.0,False,False,False,False,True,True,68.18,"['Shell syndicate SYNDICATE_053 received INR 19,390,000 (0.37%) across 3 member contractors.', 'Syndicate-adjusted CR1 (0.37%) indicates heightened network concentration.', 'Allocation concentration anomaly detected; potential contractor favoritism requiring auditor review.']"
MP0093,MP Representative 0093,West Bengal,HOWRAH-3,1039,1026,5341760000,V025798,Contractor Company 025798,2,19240000,0.0019,0.0036,0.001256,0.000281,0.0036,0.0098,SYNDICATE_041,1,9600000,0.0018,0.001256,0.0036,0.0098,19.0,90.0,92.0,17.5,86.5,89.0,False,True,True,False,False,False,68.05,"['Top vendor V025798 captured 0.36% of funds (Percentile: 90.0%).', 'Shell syndicate SYNDICATE_041 received INR 9,600,000 (0.18%) across 1 member contractors.', 'Allocation concentration anomaly detected; potential contractor favoritism requiring auditor review.']"
MP0079,MP Representative 0079,West Bengal,KOLKATA-5,993,988,5378200000,V017172,Contractor Company 017172,2,19010000,0.002,0.0035,0.00129,0.000278,0.0035,0.0091,SYNDICATE_097,1,9920000,0.0018,0.00129,0.0035,0.0091,46.0,82.5,72.0,43.5,79.5,64.5,False,False,False,False,False,False,67.32,"['Shell syndicate SYNDICATE_097 received INR 9,920,000 (0.18%) across 1 member contractors.', 'Allocation concentration anomaly detected; potential contractor favoritism requiring auditor review.']"
MP0098,MP Representative 0098,Uttar Pradesh,PRAYAGRAJ-1,1005,996,5267480000,V001279,Contractor Company 001279,2,18030000,0.002,0.0034,0.001297,0.000293,0.0034,0.0088,SYNDICATE_053,2,16590000,0.0031,0.001302,0.0034,0.0097,54.0,74.0,61.0,54.0,70.0,87.5,False,False,False,False,False,False,66.6,"['Shell syndicate SYNDICATE_053 received INR 16,590,000 (0.31%) across 2 member contractors.', 'Allocation concentration anomaly detected; potential contractor favoritism requiring auditor review.']"
MP0095,MP Representative 0095,Maharashtra,SOLAPUR-4,994,986,5140320000,V046080,Contractor Company 046080,2,18020000,0.002,0.0035,0.00131,0.000296,0.0035,0.0084,SYNDICATE_072,2,12350000,0.0024,0.001315,0.0035,0.0084,61.5,82.5,44.0,67.0,79.5,34.0,False,False,False,False,False,False,65.53,"['Shell syndicate SYNDICATE_072 received INR 12,350,000 (0.24%) across 2 member contractors.', 'Allocation concentration anomaly detected; potential contractor favoritism requiring auditor review.']"
MP0022,MP Representative 0022,Tamil Nadu,MADURAI-3,999,985,5194660000,V026980,Contractor Company 026980,2,18760000,0.002,0.0036,0.001288,0.000274,0.0036,0.0086,SYNDICATE_029,2,11380000,0.0022,0.00129,0.0036,0.0086,43.0,90.0,51.5,43.5,86.5,41.5,False,True,False,False,False,False,64.62,"['Top vendor V026980 captured 0.36% of funds (Percentile: 90.0%).', 'Shell syndicate SYNDICATE_029 received INR 11,380,000 (0.22%) across 2 member contractors.', 'Allocation concentration anomaly detected; potential contractor favoritism requiring auditor review.']"
MP0027,MP Representative 0027,Bihar,MUZAFFARPUR-5,991,976,5201840000,V039533,Contractor Company 039533,2,17420000,0.002,0.0033,0.001319,0.000294,0.0033,0.009,SYNDICATE_070,1,12420000,0.0024,0.00132,0.0033,0.009,71.0,63.0,68.0,70.0,57.0,59.5,False,False,False,False,False,False,64.5,"['Shell syndicate SYNDICATE_070 received INR 12,420,000 (0.24%) across 1 member contractors.', 'Allocation concentration anomaly detected; potential contractor favoritism requiring auditor review.']"
MP0075,MP Representative 0075,Tamil Nadu,MADURAI-1,974,964,5238250000,V036193,Contractor Company 036193,2,17460000,0.0021,0.0033,0.001314,0.000277,0.0033,0.009,SYNDICATE_093,1,9380000,0.0018,0.001314,0.0033,0.009,67.0,63.0,68.0,65.0,57.0,59.5,False,False,False,False,False,False,63.2,"['Shell syndicate SYNDICATE_093 received INR 9,380,000 (0.18%) across 1 member contractors.', 'Allocation concentration anomaly detected; potential contractor favoritism requiring auditor review.']"
MP0077,MP Representative 0077,West Bengal,KOLKATA-2,982,972,5168100000,V005386,Contractor Company 005386,2,16510000,0.002,0.0032,0.001334,0.000306,0.0032,0.009,SYNDICATE_019,1,9750000,0.0019,0.001334,0.0032,0.009,82.0,49.5,68.0,79.5,42.0,59.5,False,False,False,False,False,False,61.28,"['Shell syndicate SYNDICATE_019 received INR 9,750,000 (0.19%) across 1 member contractors.', 'Allocation concentration anomaly detected; potential contractor favoritism requiring auditor review.']"
MP0090,MP Representative 0090,Tamil Nadu,COIMBATORE-1,1010,1005,5310960000,V009609,Contractor Company 009609,2,19270000,0.002,0.0036,0.001263,0.000268,0.0036,0.0087,SYNDICATE_037,2,10870000,0.002,0.001265,0.0036,0.0087,25.5,90.0,56.0,22.5,86.5,47.0,False,True,False,False,False,False,60.25,"['Top vendor V009609 captured 0.36% of funds (Percentile: 90.0%).', 'Shell syndicate SYNDICATE_037 received INR 10,870,000 (0.20%) across 2 member contractors.', 'Allocation concentration anomaly detected; potential contractor favoritism requiring auditor review.']"
MP0081,MP Representative 0081,Rajasthan,KOTA-2,1030,1021,5258660000,V015973,Contractor Company 015973,2,17470000,0.0019,0.0033,0.001286,0.000307,0.0033,0.0094,SYNDICATE_069,1,9440000,0.0018,0.001286,0.0033,0.0094,42.0,63.0,80.5,39.5,57.0,74.5,False,False,False,False,False,False,59.02,"['Shell syndicate SYNDICATE_069 received INR 9,440,000 (0.18%) across 1 member contractors.', 'Allocation concentration anomaly detected; potential contractor favoritism requiring auditor review.']"
MP0017,MP Representative 0017,Uttar Pradesh,AGRA-4,1031,1014,5364540000,V033277,Contractor Company 033277,2,17510000,0.0019,0.0033,0.001271,0.000285,0.0033,0.0096,SYNDICATE_011,2,11230000,0.0021,0.001273,0.0033,0.0096,34.0,63.0,88.5,29.5,57.0,84.0,False,False,False,False,False,False,58.58,"['Shell syndicate SYNDICATE_011 received INR 11,230,000 (0.21%) across 2 member contractors.', 'Allocation concentration anomaly detected; potential contractor favoritism requiring auditor review.']"
MP0061,MP Representative 0061,Uttar Pradesh,AGRA-1,997,986,5175040000,V036155,Contractor Company 036155,2,16870000,0.002,0.0033,0.00131,0.000296,0.0033,0.0087,SYNDICATE_068,1,9510000,0.0018,0.00131,0.0033,0.0087,61.5,63.0,56.0,59.0,57.0,47.0,False,False,False,False,False,False,58.45,"['Shell syndicate SYNDICATE_068 received INR 9,510,000 (0.18%) across 1 member contractors.', 'Allocation concentration anomaly detected; potential contractor favoritism requiring auditor review.']"
MP0007,MP Representative 0007,Bihar,BHAGALPUR-5,962,952,5335210000,V037043,Contractor Company 037043,2,18240000,0.0021,0.0034,0.001314,0.000264,0.0034,0.008,SYNDICATE_059,1,9070000,0.0017,0.001314,0.0034,0.008,67.0,74.0,27.5,65.0,70.0,19.0,False,False,False,False,False,False,58.42,"['Shell syndicate SYNDICATE_059 received INR 9,070,000 (0.17%) across 1 member contractors.', 'Allocation concentration anomaly detected; potential contractor favoritism requiring auditor review.']"
MP0067,MP Representative 0067,Gujarat,RAJKOT-4,977,968,5322290000,V011381,Contractor Company 011381,2,17920000,0.002,0.0034,0.001304,0.000271,0.0034,0.0083,SYNDICATE_100,2,11120000,0.0021,0.001306,0.0034,0.0083,56.0,74.0,38.5,56.0,70.0,30.0,False,False,False,False,False,False,58.08,"['Shell syndicate SYNDICATE_100 received INR 11,120,000 (0.21%) across 2 member contractors.', 'Allocation concentration anomaly detected; potential contractor favoritism requiring auditor review.']"
MP0060,MP Representative 0060,Telangana,HYDERABAD-1,995,984,5260440000,V009824,Contractor Company 009824,2,17970000,0.002,0.0034,0.001293,0.000278,0.0034,0.0081,SYNDICATE_063,2,14240000,0.0027,0.001297,0.0034,0.0085,50.0,74.0,31.5,48.0,70.0,37.5,False,False,False,False,False,False,55.78,"['Shell syndicate SYNDICATE_063 received INR 14,240,000 (0.27%) across 2 member contractors.', 'Allocation concentration anomaly detected; potential contractor favoritism requiring auditor review.']"
MP0025,MP Representative 0025,Rajasthan,JODHPUR-4,999,993,5408990000,V043714,Contractor Company 043714,2,18340000,0.002,0.0034,0.001273,0.000267,0.0034,0.0086,SYNDICATE_067,1,13450000,0.0025,0.001275,0.0034,0.0086,35.5,74.0,51.5,33.0,70.0,41.5,False,False,False,False,False,False,54.78,"['Shell syndicate SYNDICATE_067 received INR 13,450,000 (0.25%) across 1 member contractors.', 'Allocation concentration anomaly detected; potential contractor favoritism requiring auditor review.']"
MP0043,MP Representative 0043,Bihar,PATNA-2,967,956,5173040000,V030910,Contractor Company 030910,2,16160000,0.0021,0.0031,0.001341,0.000295,0.0031,0.0087,SYNDICATE_046,2,12440000,0.0024,0.001343,0.0031,0.0087,87.0,37.5,56.0,87.0,30.0,47.0,False,False,False,False,False,False,54.58,"['Shell syndicate SYNDICATE_046 received INR 12,440,000 (0.24%) across 2 member contractors.', 'Allocation concentration anomaly detected; potential contractor favoritism requiring auditor review.']"
MP0096,MP Representative 0096,Maharashtra,PUNE-3,1004,991,5286700000,V014278,Contractor Company 014278,2,16710000,0.002,0.0032,0.001291,0.000282,0.0032,0.0092,SYNDICATE_060,2,16660000,0.0032,0.001299,0.0032,0.0094,48.0,49.5,75.0,50.5,42.0,74.5,False,False,False,False,False,False,54.12,"['Shell syndicate SYNDICATE_060 received INR 16,660,000 (0.32%) across 2 member contractors.', 'Allocation concentration anomaly detected; potential contractor favoritism requiring auditor review.']"
MP0023,MP Representative 0023,Bihar,PATNA-3,999,986,5244820000,V037593,Contractor Company 037593,2,16850000,0.002,0.0032,0.001289,0.000275,0.0032,0.0094,SYNDICATE_088,2,14560000,0.0028,0.001293,0.0032,0.0094,44.0,49.5,80.5,46.0,42.0,74.5,False,False,False,False,False,False,53.7,"['Shell syndicate SYNDICATE_088 received INR 14,560,000 (0.28%) across 2 member contractors.', 'Allocation concentration anomaly detected; potential contractor favoritism requiring auditor review.']"
MP0042,MP Representative 0042,Maharashtra,SOLAPUR-3,979,970,5331460000,V007255,Contractor Company 007255,2,16930000,0.002,0.0032,0.001295,0.000264,0.0032,0.0091,SYNDICATE_089,3,12910000,0.0024,0.001298,0.0032,0.0091,52.0,49.5,72.0,49.0,42.0,64.5,False,False,False,False,False,False,53.32,"['Shell syndicate SYNDICATE_089 received INR 12,910,000 (0.24%) across 3 member contractors.', 'Allocation concentration anomaly detected; potential contractor favoritism requiring auditor review.']"
MP0008,MP Representative 0008,Maharashtra,NANDED-4,995,982,5194340000,V006386,Contractor Company 006386,3,16890000,0.003,0.0033,0.001305,0.000286,0.0033,0.0083,SYNDICATE_053,2,12840000,0.0025,0.001308,0.0033,0.0083,57.0,63.0,38.5,57.0,57.0,30.0,False,False,False,False,False,False,53.02,"['Shell syndicate SYNDICATE_053 received INR 12,840,000 (0.25%) across 2 member contractors.', 'Allocation concentration anomaly detected; potential contractor favoritism requiring auditor review.']"
MP0074,MP Representative 0074,Maharashtra,LATUR-4,1001,993,5516220000,V018440,Contractor Company 018440,2,18090000,0.002,0.0033,0.00127,0.000264,0.0033,0.0089,SYNDICATE_054,2,15650000,0.0028,0.001277,0.0033,0.009,33.0,63.0,64.0,36.0,57.0,59.5,False,False,False,False,False,False,52.9,"['Shell syndicate SYNDICATE_054 received INR 15,650,000 (0.28%) across 2 member contractors.', 'Allocation concentration anomaly detected; potential contractor favoritism requiring auditor review.']"
MP0034,MP Representative 0034,Karnataka,BALLARI-5,943,935,4906790000,V042480,Contractor Company 042480,2,13610000,0.0021,0.0028,0.001351,0.000282,0.0028,0.008,SYNDICATE_074,2,15980000,0.0033,0.001357,0.0033,0.0088,92.0,18.0,27.5,92.5,57.0,52.0,True,False,False,True,False,False,52.88,"['Vendor-level allocation HHI (0.001351) is elevated above 90th percentile baseline.', 'Shell syndicate SYNDICATE_074 received INR 15,980,000 (0.33%) across 2 member contractors.', 'Allocation concentration anomaly detected; potential contractor favoritism requiring auditor review.']"
MP0084,MP Representative 0084,Karnataka,BELAGAVI-4,1023,1009,5377150000,V022148,Contractor Company 022148,2,17130000,0.002,0.0032,0.001282,0.000291,0.0032,0.0094,SYNDICATE_044,1,9240000,0.0017,0.001282,0.0032,0.0094,40.5,49.5,80.5,37.0,42.0,74.5,False,False,False,False,False,False,52.1,"['Shell syndicate SYNDICATE_044 received INR 9,240,000 (0.17%) across 1 member contractors.', 'Allocation concentration anomaly detected; potential contractor favoritism requiring auditor review.']"
MP0041,MP Representative 0041,Maharashtra,LATUR-3,982,971,5121720000,V014168,Contractor Company 014168,2,16350000,0.002,0.0032,0.001331,0.000301,0.0032,0.0081,SYNDICATE_082,1,9410000,0.0018,0.001331,0.0032,0.0081,80.0,49.5,31.5,78.0,42.0,23.0,False,False,False,False,False,False,51.6,"['Shell syndicate SYNDICATE_082 received INR 9,410,000 (0.18%) across 1 member contractors.', 'Allocation concentration anomaly detected; potential contractor favoritism requiring auditor review.']"
MP0036,MP Representative 0036,Gujarat,RAJKOT-1,1045,1035,5520670000,V025191,Contractor Company 025191,2,19230000,0.0019,0.0035,0.00123,0.000264,0.0035,0.0087,SYNDICATE_085,2,11440000,0.0021,0.001231,0.0035,0.0087,6.0,82.5,56.0,3.5,79.5,47.0,False,False,False,False,False,False,51.18,"['Shell syndicate SYNDICATE_085 received INR 11,440,000 (0.21%) across 2 member contractors.', 'Allocation concentration anomaly detected; potential contractor favoritism requiring auditor review.']"
MP0018,MP Representative 0018,Rajasthan,JODHPUR-3,1023,1012,5442060000,V014780,Contractor Company 014780,2,16500000,0.002,0.003,0.001265,0.000277,0.003,0.0087,SYNDICATE_050,3,19520000,0.0036,0.001275,0.0036,0.0096,27.0,29.5,56.0,33.0,86.5,84.0,False,False,False,False,False,False,50.18,"['Shell syndicate SYNDICATE_050 received INR 19,520,000 (0.36%) across 3 member contractors.', 'Allocation concentration anomaly detected; potential contractor favoritism requiring auditor review.']"
MP0054,MP Representative 0054,Karnataka,BELAGAVI-3,1025,1008,5357400000,V044012,Contractor Company 044012,2,16390000,0.002,0.0031,0.001277,0.000285,0.0031,0.0084,SYNDICATE_008,2,17980000,0.0034,0.001288,0.0034,0.0095,39.0,37.5,44.0,41.0,70.0,79.5,False,False,False,False,False,False,49.82,"['Shell syndicate SYNDICATE_008 received INR 17,980,000 (0.34%) across 2 member contractors.', 'Allocation concentration anomaly detected; potential contractor favoritism requiring auditor review.']"
MP0089,MP Representative 0089,Madhya Pradesh,UJJAIN-5,999,989,5197100000,V011610,Contractor Company 011610,2,16540000,0.002,0.0032,0.001309,0.000298,0.0032,0.0085,SYNDICATE_010,1,9280000,0.0018,0.001309,0.0032,0.0085,60.0,49.5,48.5,58.0,42.0,37.5,False,False,False,False,False,False,49.6,"['Shell syndicate SYNDICATE_010 received INR 9,280,000 (0.18%) across 1 member contractors.', 'Allocation concentration anomaly detected; potential contractor favoritism requiring auditor review.']"
MP0009,MP Representative 0009,Madhya Pradesh,INDORE-2,1029,1019,5594180000,V031701,Contractor Company 031701,2,18260000,0.0019,0.0033,0.001246,0.000265,0.0033,0.0089,SYNDICATE_079,2,18060000,0.0032,0.001256,0.0033,0.0096,13.5,63.0,64.0,17.5,57.0,84.0,False,False,False,False,False,False,49.6,"['Shell syndicate SYNDICATE_079 received INR 18,060,000 (0.32%) across 2 member contractors.', 'Allocation concentration anomaly detected; potential contractor favoritism requiring auditor review.']"
MP0062,MP Representative 0062,Bihar,GAYA-5,997,985,5139170000,V018535,Contractor Company 018535,2,16380000,0.002,0.0032,0.001306,0.000291,0.0032,0.0082,SYNDICATE_022,2,15790000,0.0031,0.001311,0.0032,0.009,58.0,49.5,34.0,60.0,42.0,59.5,False,False,False,False,False,False,49.42,"['Shell syndicate SYNDICATE_022 received INR 15,790,000 (0.31%) across 2 member contractors.', 'Allocation concentration anomaly detected; potential contractor favoritism requiring auditor review.']"
MP0092,MP Representative 0092,Tamil Nadu,MADURAI-3,1009,997,5142210000,V048929,Contractor Company 048929,2,15630000,0.002,0.003,0.00129,0.000287,0.003,0.0087,SYNDICATE_061,2,16720000,0.0033,0.001301,0.0033,0.0093,46.0,29.5,56.0,52.5,57.0,70.5,False,False,False,False,False,False,48.68,"['Shell syndicate SYNDICATE_061 received INR 16,720,000 (0.33%) across 2 member contractors.', 'Allocation concentration anomaly detected; potential contractor favoritism requiring auditor review.']"
MP0011,MP Representative 0011,Rajasthan,KOTA-5,977,969,5205810000,V013888,Contractor Company 013888,2,15590000,0.002,0.003,0.001313,0.000281,0.003,0.0083,SYNDICATE_068,2,16490000,0.0032,0.001318,0.0032,0.0089,65.0,29.5,38.5,68.5,42.0,55.0,False,False,False,False,False,False,46.9,"['Shell syndicate SYNDICATE_068 received INR 16,490,000 (0.32%) across 2 member contractors.', 'Allocation concentration anomaly detected; potential contractor favoritism requiring auditor review.']"
MP0035,MP Representative 0035,Rajasthan,JAIPUR-3,968,958,5057030000,V003237,Contractor Company 003237,2,15060000,0.0021,0.003,0.001334,0.00029,0.003,0.0084,SYNDICATE_005,1,9900000,0.002,0.001334,0.003,0.0084,82.0,29.5,44.0,79.5,24.5,34.0,False,False,False,False,False,False,46.62,"['Shell syndicate SYNDICATE_005 received INR 9,900,000 (0.20%) across 1 member contractors.', 'Allocation concentration anomaly detected; potential contractor favoritism requiring auditor review.']"
MP0028,MP Representative 0028,West Bengal,SILIGURI-5,1039,1025,5389810000,V006421,Contractor Company 006421,2,17440000,0.0019,0.0032,0.001259,0.000284,0.0032,0.0092,SYNDICATE_007,1,11360000,0.0021,0.001259,0.0032,0.0092,21.5,49.5,75.0,19.5,42.0,68.0,False,False,False,False,False,False,45.08,"['Shell syndicate SYNDICATE_007 received INR 11,360,000 (0.21%) across 1 member contractors.', 'Allocation concentration anomaly detected; potential contractor favoritism requiring auditor review.']"
MP0080,MP Representative 0080,Uttar Pradesh,PRAYAGRAJ-5,1024,1019,5430250000,V030584,Contractor Company 030584,2,18200000,0.002,0.0034,0.001256,0.000274,0.0034,0.0073,SYNDICATE_067,2,15190000,0.0028,0.001265,0.0034,0.0086,19.0,74.0,9.5,22.5,70.0,41.5,False,False,False,False,False,False,44.12,"['Shell syndicate SYNDICATE_067 received INR 15,190,000 (0.28%) across 2 member contractors.', 'Allocation concentration anomaly detected; potential contractor favoritism requiring auditor review.']"
MP0053,MP Representative 0053,Karnataka,BALLARI-1,964,960,5090160000,V010731,Contractor Company 010731,2,15170000,0.0021,0.003,0.001324,0.000283,0.003,0.0083,SYNDICATE_008,2,11170000,0.0022,0.001328,0.003,0.0083,75.0,29.5,38.5,74.0,24.5,30.0,False,False,False,False,False,False,43.45,"['Shell syndicate SYNDICATE_008 received INR 11,170,000 (0.22%) across 2 member contractors.', 'Allocation concentration anomaly detected; potential contractor favoritism requiring auditor review.']"
MP0082,MP Representative 0082,Rajasthan,JODHPUR-3,1008,1002,5404250000,V016514,Contractor Company 016514,2,15960000,0.002,0.003,0.001266,0.000268,0.003,0.0084,SYNDICATE_031,2,18580000,0.0034,0.001273,0.0034,0.0092,28.5,29.5,44.0,29.5,70.0,68.0,False,False,False,False,False,False,43.42,"['Shell syndicate SYNDICATE_031 received INR 18,580,000 (0.34%) across 2 member contractors.', 'Allocation concentration anomaly detected; potential contractor favoritism requiring auditor review.']"
MP0031,MP Representative 0031,Gujarat,SURAT-4,939,931,4857220000,V005675,Contractor Company 005675,2,13470000,0.0021,0.0028,0.001376,0.000302,0.0028,0.0079,SYNDICATE_056,2,10890000,0.0022,0.00138,0.0028,0.0079,98.0,18.0,23.0,97.0,14.0,15.5,True,False,False,True,False,False,41.6,"['Vendor-level allocation HHI (0.001376) is elevated above 90th percentile baseline.', 'Shell syndicate SYNDICATE_056 received INR 10,890,000 (0.22%) across 2 member contractors.', 'Allocation concentration anomaly detected; potential contractor favoritism requiring auditor review.']"
MP0056,MP Representative 0056,Telangana,WARANGAL-5,977,969,5115380000,V037402,Contractor Company 037402,2,15130000,0.002,0.003,0.00132,0.000288,0.003,0.0082,SYNDICATE_091,2,12080000,0.0024,0.001322,0.003,0.0082,72.5,29.5,34.0,71.0,24.5,26.0,False,False,False,False,False,False,41.58,"['Shell syndicate SYNDICATE_091 received INR 12,080,000 (0.24%) across 2 member contractors.', 'Allocation concentration anomaly detected; potential contractor favoritism requiring auditor review.']"
MP0055,MP Representative 0055,Tamil Nadu,MADURAI-3,992,989,5246660000,V035276,Contractor Company 035276,2,16620000,0.002,0.0032,0.001299,0.000288,0.0032,0.007,SYNDICATE_060,2,14080000,0.0027,0.001305,0.0032,0.0081,55.0,49.5,5.5,55.0,42.0,23.0,False,False,False,False,False,False,40.4,"['Shell syndicate SYNDICATE_060 received INR 14,080,000 (0.27%) across 2 member contractors.', 'Allocation concentration anomaly detected; potential contractor favoritism requiring auditor review.']"
MP0069,MP Representative 0069,Uttar Pradesh,LUCKNOW-4,1019,1009,5302490000,V015265,Contractor Company 015265,2,12950000,0.002,0.0024,0.001263,0.000272,0.0024,0.0066,SYNDICATE_037,4,31240000,0.0059,0.001289,0.0059,0.0106,25.5,2.0,2.0,42.0,100.0,97.0,False,False,False,False,True,True,39.8,"['Shell syndicate SYNDICATE_037 received INR 31,240,000 (0.59%) across 4 member contractors.', 'Syndicate-adjusted CR1 (0.59%) indicates heightened network concentration.', 'Allocation concentration anomaly detected; potential contractor favoritism requiring auditor review.']"
MP0006,MP Representative 0006,Tamil Nadu,MADURAI-5,1005,998,5327600000,V028073,Contractor Company 028073,2,16320000,0.002,0.0031,0.001273,0.000271,0.0031,0.0088,SYNDICATE_091,1,9940000,0.0019,0.001273,0.0031,0.0088,35.5,37.5,61.0,29.5,30.0,52.0,False,False,False,False,False,False,39.78,"['Shell syndicate SYNDICATE_091 received INR 9,940,000 (0.19%) across 1 member contractors.', 'Allocation concentration anomaly detected; potential contractor favoritism requiring auditor review.']"
MP0030,MP Representative 0030,Telangana,HYDERABAD-1,1039,1029,5447520000,V019129,Contractor Company 019129,2,17210000,0.0019,0.0032,0.001246,0.000274,0.0032,0.0088,SYNDICATE_095,3,11170000,0.0021,0.001251,0.0032,0.0088,13.5,49.5,61.0,15.0,42.0,52.0,False,False,False,False,False,False,39.33,"['Shell syndicate SYNDICATE_095 received INR 11,170,000 (0.21%) across 3 member contractors.', 'Allocation concentration anomaly detected; potential contractor favoritism requiring auditor review.']"
MP0039,MP Representative 0039,Tamil Nadu,TIRUCHIRAPPALLI-2,974,967,5100350000,V024918,Contractor Company 024918,2,14740000,0.0021,0.0029,0.001317,0.000283,0.0029,0.0083,SYNDICATE_007,1,9690000,0.0019,0.001318,0.0029,0.0083,69.0,23.5,38.5,68.5,19.5,30.0,False,False,False,False,False,False,39.2,"['Shell syndicate SYNDICATE_007 received INR 9,690,000 (0.19%) across 1 member contractors.', 'Allocation concentration anomaly detected; potential contractor favoritism requiring auditor review.']"
MP0004,MP Representative 0004,Maharashtra,PUNE-1,1039,1025,5554040000,V031178,Contractor Company 031178,2,17910000,0.0019,0.0032,0.001244,0.000268,0.0032,0.0089,SYNDICATE_041,2,9630000,0.0017,0.001244,0.0032,0.0089,11.5,49.5,64.0,10.0,42.0,55.0,False,False,False,False,False,False,39.17,"['Shell syndicate SYNDICATE_041 received INR 9,630,000 (0.17%) across 2 member contractors.', 'Allocation concentration anomaly detected; potential contractor favoritism requiring auditor review.']"
MP0073,MP Representative 0073,Tamil Nadu,CHENNAI-3,962,951,4940180000,V047169,Contractor Company 047169,2,13800000,0.0021,0.0028,0.00135,0.000298,0.0028,0.0077,SYNDICATE_027,1,9920000,0.002,0.00135,0.0028,0.0077,91.0,18.0,17.5,90.0,14.0,10.5,True,False,False,True,False,False,38.17,"['Vendor-level allocation HHI (0.001350) is elevated above 90th percentile baseline.', 'Shell syndicate SYNDICATE_027 received INR 9,920,000 (0.20%) across 1 member contractors.', 'Allocation concentration anomaly detected; potential contractor favoritism requiring auditor review.']"
MP0014,MP Representative 0014,West Bengal,DURGAPUR-5,958,947,4957370000,V046974,Contractor Company 046974,2,13520000,0.0021,0.0027,0.001353,0.000298,0.0027,0.0079,SYNDICATE_046,1,12990000,0.0026,0.001364,0.0027,0.008,94.0,11.0,23.0,95.0,8.5,19.0,True,False,False,True,False,False,38.1,"['Vendor-level allocation HHI (0.001353) is elevated above 90th percentile baseline.', 'Shell syndicate SYNDICATE_046 received INR 12,990,000 (0.26%) across 1 member contractors.', 'Allocation concentration anomaly detected; potential contractor favoritism requiring auditor review.']"
MP0038,MP Representative 0038,Karnataka,KALABURAGI-3,1034,1022,5475850000,V042728,Contractor Company 042728,2,17380000,0.0019,0.0032,0.001242,0.000264,0.0032,0.0087,SYNDICATE_041,2,12640000,0.0023,0.001249,0.0032,0.0087,10.0,49.5,56.0,13.0,42.0,47.0,False,False,False,False,False,False,37.17,"['Shell syndicate SYNDICATE_041 received INR 12,640,000 (0.23%) across 2 member contractors.', 'Allocation concentration anomaly detected; potential contractor favoritism requiring auditor review.']"
MP0064,MP Representative 0064,Telangana,WARANGAL-1,947,939,5029860000,V049947,Contractor Company 049947,2,14160000,0.0021,0.0028,0.001344,0.000279,0.0028,0.0074,SYNDICATE_032,1,9850000,0.002,0.001344,0.0028,0.0074,89.0,18.0,12.0,88.5,14.0,5.5,False,False,False,False,False,False,36.3,"['Shell syndicate SYNDICATE_032 received INR 9,850,000 (0.20%) across 1 member contractors.', 'Allocation concentration anomaly detected; potential contractor favoritism requiring auditor review.']"
MP0086,MP Representative 0086,Bihar,MUZAFFARPUR-3,1032,1021,5486080000,V006725,Contractor Company 006725,2,17810000,0.0019,0.0032,0.001244,0.000265,0.0032,0.0085,SYNDICATE_096,2,15080000,0.0027,0.001248,0.0032,0.0087,11.5,49.5,48.5,11.5,42.0,47.0,False,False,False,False,False,False,36.2,"['Shell syndicate SYNDICATE_096 received INR 15,080,000 (0.27%) across 2 member contractors.', 'Allocation concentration anomaly detected; potential contractor favoritism requiring auditor review.']"
MP0045,MP Representative 0045,Tamil Nadu,MADURAI-2,1036,1027,5297680000,V041455,Contractor Company 041455,2,16600000,0.0019,0.0031,0.001267,0.000294,0.0031,0.0085,SYNDICATE_035,2,14540000,0.0027,0.001271,0.0031,0.0086,30.5,37.5,48.5,26.0,30.0,41.5,False,False,False,False,False,False,35.5,"['Shell syndicate SYNDICATE_035 received INR 14,540,000 (0.27%) across 2 member contractors.', 'Allocation concentration anomaly detected; potential contractor favoritism requiring auditor review.']"
MP0033,MP Representative 0033,Telangana,NIZAMABAD-5,960,951,5100300000,V009479,Contractor Company 009479,2,14430000,0.0021,0.0028,0.001328,0.000277,0.0028,0.0077,SYNDICATE_056,2,12940000,0.0025,0.001337,0.0028,0.0079,77.5,18.0,17.5,82.0,14.0,15.5,False,False,False,False,False,False,35.17,"['Shell syndicate SYNDICATE_056 received INR 12,940,000 (0.25%) across 2 member contractors.', 'Allocation concentration anomaly detected; potential contractor favoritism requiring auditor review.']"
MP0066,MP Representative 0066,Tamil Nadu,CHENNAI-1,987,980,5254320000,V046362,Contractor Company 046362,2,16060000,0.002,0.0031,0.00129,0.000269,0.0031,0.008,SYNDICATE_033,2,9600000,0.0018,0.001292,0.0031,0.008,46.0,37.5,27.5,45.0,30.0,19.0,False,False,False,False,False,False,35.1,"['Shell syndicate SYNDICATE_033 received INR 9,600,000 (0.18%) across 2 member contractors.', 'Allocation concentration anomaly detected; potential contractor favoritism requiring auditor review.']"
MP0099,MP Representative 0099,Karnataka,BALLARI-2,945,936,5050590000,V019932,Contractor Company 019932,2,13600000,0.0021,0.0027,0.001352,0.000284,0.0027,0.0071,SYNDICATE_027,2,11590000,0.0023,0.001357,0.0027,0.0072,93.0,11.0,7.5,92.5,8.5,2.0,True,False,False,True,False,False,33.62,"['Vendor-level allocation HHI (0.001352) is elevated above 90th percentile baseline.', 'Shell syndicate SYNDICATE_027 received INR 11,590,000 (0.23%) across 2 member contractors.', 'Allocation concentration anomaly detected; potential contractor favoritism requiring auditor review.']"
MP0020,MP Representative 0020,Gujarat,BHAVNAGAR-2,948,943,4959680000,V004942,Contractor Company 004942,2,12790000,0.0021,0.0026,0.001358,0.000298,0.0026,0.0068,SYNDICATE_077,2,13040000,0.0026,0.001361,0.0026,0.0074,95.0,6.0,3.0,94.0,3.5,5.5,True,False,False,True,False,False,31.6,"['Vendor-level allocation HHI (0.001358) is elevated above 90th percentile baseline.', 'Shell syndicate SYNDICATE_077 received INR 13,040,000 (0.26%) across 2 member contractors.', 'Allocation concentration anomaly detected; potential contractor favoritism requiring auditor review.']"
MP0013,MP Representative 0013,Uttar Pradesh,LUCKNOW-5,1058,1045,5516500000,V004422,Contractor Company 004422,2,17710000,0.0019,0.0032,0.001229,0.000272,0.0032,0.0079,SYNDICATE_048,2,16640000,0.003,0.001235,0.0032,0.0087,4.5,49.5,23.0,6.5,42.0,47.0,False,False,False,False,False,False,30.48,"['Shell syndicate SYNDICATE_048 received INR 16,640,000 (0.30%) across 2 member contractors.', 'Allocation concentration anomaly detected; potential contractor favoritism requiring auditor review.']"
MP0037,MP Representative 0037,Madhya Pradesh,UJJAIN-2,983,972,5071660000,V019364,Contractor Company 019364,2,13450000,0.002,0.0027,0.001324,0.000296,0.0027,0.0077,SYNDICATE_061,1,11350000,0.0022,0.001325,0.0027,0.0077,75.0,11.0,17.5,73.0,8.5,10.5,False,False,False,False,False,False,30.42,"['Shell syndicate SYNDICATE_061 received INR 11,350,000 (0.22%) across 1 member contractors.', 'Allocation concentration anomaly detected; potential contractor favoritism requiring auditor review.']"
MP0072,MP Representative 0072,Madhya Pradesh,INDORE-1,972,966,5036720000,V046892,Contractor Company 046892,2,13830000,0.0021,0.0027,0.001329,0.000294,0.0027,0.0074,SYNDICATE_010,1,9680000,0.0019,0.001329,0.0027,0.0074,79.0,11.0,12.0,76.0,8.5,5.5,False,False,False,False,False,False,30.2,"['Shell syndicate SYNDICATE_010 received INR 9,680,000 (0.19%) across 1 member contractors.', 'Allocation concentration anomaly detected; potential contractor favoritism requiring auditor review.']"
MP0010,MP Representative 0010,Karnataka,BELAGAVI-4,1021,1008,5413540000,V032560,Contractor Company 032560,2,15910000,0.002,0.0029,0.001275,0.000283,0.0029,0.0083,SYNDICATE_046,1,8980000,0.0017,0.001275,0.0029,0.0083,37.0,23.5,38.5,33.0,19.5,30.0,False,False,False,False,False,False,29.25,"['Shell syndicate SYNDICATE_046 received INR 8,980,000 (0.17%) across 1 member contractors.', 'Allocation concentration anomaly detected; potential contractor favoritism requiring auditor review.']"
MP0058,MP Representative 0058,Uttar Pradesh,KANPUR-1,1066,1048,5721080000,V019194,Contractor Company 019194,2,17670000,0.0019,0.0031,0.001229,0.000275,0.0031,0.0085,SYNDICATE_082,1,11220000,0.002,0.001231,0.0031,0.0085,4.5,37.5,48.5,3.5,30.0,37.5,False,False,False,False,False,False,27.65,"['Shell syndicate SYNDICATE_082 received INR 11,220,000 (0.20%) across 1 member contractors.', 'Allocation concentration anomaly detected; potential contractor favoritism requiring auditor review.']"
MP0044,MP Representative 0044,Karnataka,BELAGAVI-4,1051,1042,5541430000,V003975,Contractor Company 003975,2,15680000,0.0019,0.0028,0.001221,0.000261,0.0028,0.0075,SYNDICATE_011,2,18870000,0.0034,0.001231,0.0034,0.0089,2.0,18.0,14.5,3.5,70.0,55.0,False,False,False,False,False,False,26.92,"['Shell syndicate SYNDICATE_011 received INR 18,870,000 (0.34%) across 2 member contractors.', 'Allocation concentration anomaly detected; potential contractor favoritism requiring auditor review.']"
MP0021,MP Representative 0021,Telangana,KARIMNAGAR-3,1049,1033,5607850000,V028184,Contractor Company 028184,2,17290000,0.0019,0.0031,0.001231,0.000263,0.0031,0.0082,SYNDICATE_077,2,15150000,0.0027,0.001235,0.0031,0.0085,7.5,37.5,34.0,6.5,30.0,37.5,False,False,False,False,False,False,26.38,"['Shell syndicate SYNDICATE_077 received INR 15,150,000 (0.27%) across 2 member contractors.', 'Allocation concentration anomaly detected; potential contractor favoritism requiring auditor review.']"
MP0057,MP Representative 0057,West Bengal,SILIGURI-2,1004,992,5358610000,V049766,Contractor Company 049766,2,14820000,0.002,0.0028,0.001282,0.000275,0.0028,0.008,SYNDICATE_077,2,14780000,0.0028,0.001286,0.0028,0.0082,40.5,18.0,27.5,39.5,14.0,26.0,False,False,False,False,False,False,26.08,"['Shell syndicate SYNDICATE_077 received INR 14,780,000 (0.28%) across 2 member contractors.', 'Allocation concentration anomaly detected; potential contractor favoritism requiring auditor review.']"
MP0094,MP Representative 0094,Madhya Pradesh,UJJAIN-4,1035,1015,5398240000,V032915,Contractor Company 032915,2,15760000,0.0019,0.0029,0.001256,0.000271,0.0029,0.0084,SYNDICATE_011,2,10580000,0.002,0.001259,0.0029,0.0084,19.0,23.5,44.0,19.5,19.5,34.0,False,False,False,False,False,False,25.52,"['Shell syndicate SYNDICATE_011 received INR 10,580,000 (0.20%) across 2 member contractors.', 'Allocation concentration anomaly detected; potential contractor favoritism requiring auditor review.']"
MP0052,MP Representative 0052,Bihar,MUZAFFARPUR-2,1041,1033,5483410000,V012226,Contractor Company 012226,2,16820000,0.0019,0.0031,0.001247,0.000279,0.0031,0.0078,SYNDICATE_057,2,12330000,0.0022,0.00125,0.0031,0.0078,16.0,37.5,20.5,14.0,30.0,13.5,False,False,False,False,False,False,24.4,"['Shell syndicate SYNDICATE_057 received INR 12,330,000 (0.22%) across 2 member contractors.', 'Allocation concentration anomaly detected; potential contractor favoritism requiring auditor review.']"
MP0016,MP Representative 0016,Karnataka,KALABURAGI-2,986,976,5176120000,V016214,Contractor Company 016214,2,12840000,0.002,0.0025,0.001308,0.000284,0.0025,0.0069,SYNDICATE_090,2,13500000,0.0026,0.001313,0.0026,0.0075,59.0,3.5,4.0,62.5,3.5,8.0,False,False,False,False,False,False,21.02,"['Shell syndicate SYNDICATE_090 received INR 13,500,000 (0.26%) across 2 member contractors.', 'Allocation concentration anomaly detected; potential contractor favoritism requiring auditor review.']"
MP0100,MP Representative 0100,Maharashtra,NASHIK-5,1041,1034,5404640000,V020549,Contractor Company 020549,2,16190000,0.0019,0.003,0.001231,0.000264,0.003,0.0078,SYNDICATE_056,1,9640000,0.0018,0.001231,0.003,0.0078,7.5,29.5,20.5,3.5,24.5,13.5,False,False,False,False,False,False,18.55,"['Shell syndicate SYNDICATE_056 received INR 9,640,000 (0.18%) across 1 member contractors.', 'Allocation concentration anomaly detected; potential contractor favoritism requiring auditor review.']"
MP0015,MP Representative 0015,Karnataka,BELAGAVI-2,1034,1023,5274310000,V045840,Contractor Company 045840,2,14480000,0.0019,0.0027,0.001259,0.000282,0.0027,0.008,SYNDICATE_039,1,11370000,0.0022,0.001261,0.0027,0.008,21.5,11.0,27.5,21.0,8.5,19.0,False,False,False,False,False,False,16.88,"['Shell syndicate SYNDICATE_039 received INR 11,370,000 (0.22%) across 1 member contractors.', 'Allocation concentration anomaly detected; potential contractor favoritism requiring auditor review.']"
MP0063,MP Representative 0063,Gujarat,RAJKOT-2,1036,1016,5491030000,V034152,Contractor Company 034152,2,14280000,0.0019,0.0026,0.001262,0.000278,0.0026,0.0073,SYNDICATE_044,2,15860000,0.0029,0.001272,0.0029,0.0081,24.0,6.0,9.5,27.0,19.5,23.0,False,False,False,False,False,False,16.62,"['Shell syndicate SYNDICATE_044 received INR 15,860,000 (0.29%) across 2 member contractors.', 'Allocation concentration anomaly detected; potential contractor favoritism requiring auditor review.']"
MP0087,MP Representative 0087,Rajasthan,JAIPUR-2,1093,1078,5805610000,V032921,Contractor Company 032921,2,16760000,0.0018,0.0029,0.001187,0.00026,0.0029,0.0077,SYNDICATE_081,2,12290000,0.0021,0.001194,0.0029,0.0077,1.0,23.5,17.5,1.0,19.5,10.5,False,False,False,False,False,False,13.75,"['Shell syndicate SYNDICATE_081 received INR 12,290,000 (0.21%) across 2 member contractors.', 'Allocation concentration anomaly detected; potential contractor favoritism requiring auditor review.']"
MP0024,MP Representative 0024,Madhya Pradesh,BHOPAL-2,979,974,5286790000,V007599,Contractor Company 007599,1,9980000,0.001,0.0019,0.001276,0.00025,0.0019,0.0057,SYNDICATE_043,1,9890000,0.0019,0.001276,0.0019,0.0057,38.0,1.0,1.0,35.0,1.0,1.0,False,False,False,False,False,False,11.8,"['Shell syndicate SYNDICATE_043 received INR 9,890,000 (0.19%) across 1 member contractors.', 'Allocation concentration anomaly detected; potential contractor favoritism requiring auditor review.']"
MP0002,MP Representative 0002,Bihar,GAYA-1,1054,1050,5466750000,V030957,Contractor Company 030957,2,14680000,0.0019,0.0027,0.001227,0.000275,0.0027,0.007,SYNDICATE_041,2,15790000,0.0029,0.001239,0.0029,0.0082,3.0,11.0,5.5,8.0,19.5,26.0,False,False,False,False,False,False,11.48,"['Shell syndicate SYNDICATE_041 received INR 15,790,000 (0.29%) across 2 member contractors.', 'Allocation concentration anomaly detected; potential contractor favoritism requiring auditor review.']"
MP0048,MP Representative 0048,Bihar,AURANGABAD-4,1030,1018,5404270000,V019260,Contractor Company 019260,2,14730000,0.0019,0.0027,0.001247,0.000265,0.0027,0.0074,SYNDICATE_038,2,9850000,0.0018,0.001248,0.0027,0.0074,16.0,11.0,12.0,11.5,8.5,5.5,False,False,False,False,False,False,11.15,"['Shell syndicate SYNDICATE_038 received INR 9,850,000 (0.18%) across 2 member contractors.', 'Allocation concentration anomaly detected; potential contractor favoritism requiring auditor review.']"
MP0019,MP Representative 0019,Bihar,AURANGABAD-1,1026,1021,5394320000,V020689,Contractor Company 020689,2,13820000,0.0019,0.0026,0.001247,0.000268,0.0026,0.0071,SYNDICATE_059,2,12650000,0.0023,0.001252,0.0026,0.0073,16.0,6.0,7.5,16.0,3.5,3.0,False,False,False,False,False,False,8.43,"['Shell syndicate SYNDICATE_059 received INR 12,650,000 (0.23%) across 2 member contractors.', 'Allocation concentration anomaly detected; potential contractor favoritism requiring auditor review.']"
MP0026,MP Representative 0026,Telangana,WARANGAL-3,1049,1039,5488930000,V002466,Contractor Company 002466,2,13970000,0.0019,0.0025,0.001237,0.000275,0.0025,0.0075,SYNDICATE_088,2,14490000,0.0026,0.001242,0.0026,0.0077,9.0,3.5,14.5,9.0,3.5,10.5,False,False,False,False,False,False,7.5,"['Shell syndicate SYNDICATE_088 received INR 14,490,000 (0.26%) across 2 member contractors.', 'Allocation concentration anomaly detected; potential contractor favoritism requiring auditor review.']"
