MP_ID,State,MP_Name,Constituency,Allocated_Amount,Financial_Year
MP0001,Karnataka,MP Representative 0001,BELAGAVI-3,120000000,2025-26
MP0002,Bihar,MP Representative 0002,GAYA-1,190000000,2025-26
MP0003,Tamil Nadu,MP Representative 0003,CHENNAI-5,150000000,2025-26
MP0004,Maharashtra,MP Representative 0004,PUNE-1,120000000,2025-26
MP0005,Bihar,MP Representative 0005,MUZAFFARPUR-5,100000000,2025-26
MP0006,Tamil Nadu,MP Representative 0006,MADURAI-5,150000000,2025-26
MP0007,Bihar,MP Representative 0007,BHAGALPUR-5,147000000,2025-26
MP0008,Maharashtra,MP Representative 0008,NANDED-4,147000000,2025-26
MP0009,Madhya Pradesh,MP Representative 0009,INDORE-2,147000000,2025-26
MP0010,Karnataka,MP Representative 0010,BELAGAVI-4,100000000,2025-26
MP0011,Rajasthan,MP Representative 0011,KOTA-5,147000000,2025-26
MP0012,Maharashtra,MP Representative 0012,SATARA-5,100000000,2025-26
MP0013,Uttar Pradesh,MP Representative 0013,LUCKNOW-5,147000000,2025-26
MP0014,West Bengal,MP Representative 0014,DURGAPUR-5,120000000,2025-26
MP0015,Karnataka,MP Representative 0015,BELAGAVI-2,147000000,2025-26
MP0016,Karnataka,MP Representative 0016,KALABURAGI-2,100000000,2025-26
MP0017,Uttar Pradesh,MP Representative 0017,AGRA-4,190000000,2025-26
MP0018,Rajasthan,MP Representative 0018,JODHPUR-3,147000000,2025-26
MP0019,Bihar,MP Representative 0019,AURANGABAD-1,175000000,2025-26
MP0020,Gujarat,MP Representative 0020,BHAVNAGAR-2,120000000,2025-26
MP0021,Telangana,MP Representative 0021,KARIMNAGAR-3,190000000,2025-26
MP0022,Tamil Nadu,MP Representative 0022,MADURAI-3,100000000,2025-26
MP0023,Bihar,MP Representative 0023,PATNA-3,150000000,2025-26
MP0024,Madhya Pradesh,MP Representative 0024,BHOPAL-2,175000000,2025-26
MP0025,Rajasthan,MP Representative 0025,JODHPUR-4,150000000,2025-26
MP0026,Telangana,MP Representative 0026,WARANGAL-3,120000000,2025-26
MP0027,Bihar,MP Representative 0027,MUZAFFARPUR-5,147000000,2025-26
MP0028,West Bengal,MP Representative 0028,SILIGURI-5,150000000,2025-26
MP0029,Rajasthan,MP Representative 0029,JODHPUR-2,175000000,2025-26
MP0030,Telangana,MP Representative 0030,HYDERABAD-1,100000000,2025-26
MP0031,Gujarat,MP Representative 0031,SURAT-4,175000000,2025-26
MP0032,Karnataka,MP Representative 0032,MYSURU-4,175000000,2025-26
MP0033,Telangana,MP Representative 0033,NIZAMABAD-5,100000000,2025-26
MP0034,Karnataka,MP Representative 0034,BALLARI-5,147000000,2025-26
MP0035,Rajasthan,MP Representative 0035,JAIPUR-3,150000000,2025-26
MP0036,Gujarat,MP Representative 0036,RAJKOT-1,190000000,2025-26
MP0037,Madhya Pradesh,MP Representative 0037,UJJAIN-2,175000000,2025-26
MP0038,Karnataka,MP Representative 0038,KALABURAGI-3,190000000,2025-26
MP0039,Tamil Nadu,MP Representative 0039,TIRUCHIRAPPALLI-2,120000000,2025-26
MP0040,Rajasthan,MP Representative 0040,JODHPUR-5,175000000,2025-26
MP0041,Maharashtra,MP Representative 0041,LATUR-3,150000000,2025-26
MP0042,Maharashtra,MP Representative 0042,SOLAPUR-3,147000000,2025-26
MP0043,Bihar,MP Representative 0043,PATNA-2,175000000,2025-26
MP0044,Karnataka,MP Representative 0044,BELAGAVI-4,100000000,2025-26
MP0045,Tamil Nadu,MP Representative 0045,MADURAI-2,190000000,2025-26
MP0046,Telangana,MP Representative 0046,WARANGAL-3,175000000,2025-26
MP0047,West Bengal,MP Representative 0047,SILIGURI-2,175000000,2025-26
MP0048,Bihar,MP Representative 0048,AURANGABAD-4,190000000,2025-26
MP0049,Rajasthan,MP Representative 0049,AJMER-5,150000000,2025-26
MP0050,Karnataka,MP Representative 0050,HUBBALLI-2,100000000,2025-26
MP0051,Rajasthan,MP Representative 0051,JAIPUR-5,175000000,2025-26
MP0052,Bihar,MP Representative 0052,MUZAFFARPUR-2,100000000,2025-26
MP0053,Karnataka,MP Representative 0053,BALLARI-1,120000000,2025-26
MP0054,Karnataka,MP Representative 0054,BELAGAVI-3,100000000,2025-26
MP0055,Tamil Nadu,MP Representative 0055,MADURAI-3,190000000,2025-26
MP0056,Telangana,MP Representative 0056,WARANGAL-5,120000000,2025-26
MP0057,West Bengal,MP Representative 0057,SILIGURI-2,150000000,2025-26
MP0058,Uttar Pradesh,MP Representative 0058,KANPUR-1,100000000,2025-26
MP0059,Uttar Pradesh,MP Representative 0059,AGRA-4,150000000,2025-26
MP0060,Telangana,MP Representative 0060,HYDERABAD-1,100000000,2025-26
MP0061,Uttar Pradesh,MP Representative 0061,AGRA-1,120000000,2025-26
MP0062,Bihar,MP Representative 0062,GAYA-5,150000000,2025-26
MP0063,Gujarat,MP Representative 0063,RAJKOT-2,147000000,2025-26
MP0064,Telangana,MP Representative 0064,WARANGAL-1,150000000,2025-26
MP0065,Tamil Nadu,MP Representative 0065,CHENNAI-1,190000000,2025-26
MP0066,Tamil Nadu,MP Representative 0066,CHENNAI-1,120000000,2025-26
MP0067,Gujarat,MP Representative 0067,RAJKOT-4,150000000,2025-26
MP0068,Bihar,MP Representative 0068,BHAGALPUR-1,120000000,2025-26
MP0069,Uttar Pradesh,MP Representative 0069,LUCKNOW-4,147000000,2025-26
MP0070,Telangana,MP Representative 0070,NIZAMABAD-4,190000000,2025-26
MP0071,Tamil Nadu,MP Representative 0071,SALEM-2,120000000,2025-26
MP0072,Madhya Pradesh,MP Representative 0072,INDORE-1,175000000,2025-26
MP0073,Tamil Nadu,MP Representative 0073,CHENNAI-3,100000000,2025-26
MP0074,Maharashtra,MP Representative 0074,LATUR-4,175000000,2025-26
MP0075,Tamil Nadu,MP Representative 0075,MADURAI-1,175000000,2025-26
MP0076,Karnataka,MP Representative 0076,KALABURAGI-2,100000000,2025-26
MP0077,West Bengal,MP Representative 0077,KOLKATA-2,150000000,2025-26
MP0078,Karnataka,MP Representative 0078,BENGALURU-2,175000000,2025-26
MP0079,West Bengal,MP Representative 0079,KOLKATA-5,100000000,2025-26
MP0080,Uttar Pradesh,MP Representative 0080,PRAYAGRAJ-5,175000000,2025-26
MP0081,Rajasthan,MP Representative 0081,KOTA-2,190000000,2025-26
MP0082,Rajasthan,MP Representative 0082,JODHPUR-3,150000000,2025-26
MP0083,Gujarat,MP Representative 0083,VADODARA-4,147000000,2025-26
MP0084,Karnataka,MP Representative 0084,BELAGAVI-4,175000000,2025-26
MP0085,West Bengal,MP Representative 0085,KOLKATA-1,175000000,2025-26
MP0086,Bihar,MP Representative 0086,MUZAFFARPUR-3,120000000,2025-26
MP0087,Rajasthan,MP Representative 0087,JAIPUR-2,147000000,2025-26
MP0088,Madhya Pradesh,MP Representative 0088,INDORE-4,175000000,2025-26
MP0089,Madhya Pradesh,MP Representative 0089,UJJAIN-5,100000000,2025-26
MP0090,Tamil Nadu,MP Representative 0090,COIMBATORE-1,120000000,2025-26
MP0091,Madhya Pradesh,MP Representative 0091,BHOPAL-1,190000000,2025-26
MP0092,Tamil Nadu,MP Representative 0092,MADURAI-3,147000000,2025-26
MP0093,West Bengal,MP Representative 0093,HOWRAH-3,120000000,2025-26
MP0094,Madhya Pradesh,MP Representative 0094,UJJAIN-4,147000000,2025-26
MP0095,Maharashtra,MP Representative 0095,SOLAPUR-4,147000000,2025-26
MP0096,Maharashtra,MP Representative 0096,PUNE-3,120000000,2025-26
MP0097,Madhya Pradesh,MP Representative 0097,INDORE-4,175000000,2025-26
MP0098,Uttar Pradesh,MP Representative 0098,PRAYAGRAJ-1,100000000,2025-26
MP0099,Karnataka,MP Representative 0099,BALLARI-2,175000000,2025-26
MP0100,Maharashtra,MP Representative 0100,NASHIK-5,175000000,2025-26
